,0,1,2,3,4,5,6,7,8,9,10,11,12,13,14,15,16,17,18,19
0,0.21741008758544922,0.20917391777038574,0.20937490463256836,0.2093360424041748,0.2090449333190918,0.20889854431152344,0.20891976356506348,0.21122384071350098,0.20917725563049316,0.20878911018371582,0.20882105827331543,0.2088794708251953,0.2089395523071289,0.20900893211364746,0.2088298797607422,0.21193718910217285,0.20913314819335938,0.20899152755737305,0.20894289016723633,0.20893287658691406
1,0.21741008758544922,0.20917391777038574,0.20937490463256836,0.2093360424041748,0.2090449333190918,0.20889854431152344,0.20891976356506348,0.21122384071350098,0.20917725563049316,0.20878911018371582,0.20882105827331543,0.2088794708251953,0.2089395523071289,0.20900893211364746,0.2088298797607422,0.21193718910217285,0.20913314819335938,0.20899152755737305,0.20894289016723633,0.20893287658691406
2,0.21741008758544922,0.20917391777038574,0.20937490463256836,0.2093360424041748,0.2090449333190918,0.20889854431152344,0.20891976356506348,0.21122384071350098,0.20917725563049316,0.20878911018371582,0.20882105827331543,0.2088794708251953,0.2089395523071289,0.20900893211364746,0.2088298797607422,0.21193718910217285,0.20913314819335938,0.20899152755737305,0.20894289016723633,0.20893287658691406
3,0.21741008758544922,0.20917391777038574,0.20937490463256836,0.2093360424041748,0.2090449333190918,0.20889854431152344,0.20891976356506348,0.21122384071350098,0.20917725563049316,0.20878911018371582,0.20882105827331543,0.2088794708251953,0.2089395523071289,0.20900893211364746,0.2088298797607422,0.21193718910217285,0.20913314819335938,0.20899152755737305,0.20894289016723633,0.20893287658691406
4,0.21741008758544922,0.20917391777038574,0.20937490463256836,0.2093360424041748,0.2090449333190918,0.20889854431152344,0.20891976356506348,0.21122384071350098,0.20917725563049316,0.20878911018371582,0.20882105827331543,0.2088794708251953,0.2089395523071289,0.20900893211364746,0.2088298797607422,0.21193718910217285,0.20913314819335938,0.20899152755737305,0.20894289016723633,0.20893287658691406
5,0.21741008758544922,0.20917391777038574,0.20937490463256836,0.2093360424041748,0.2090449333190918,0.20889854431152344,0.20891976356506348,0.21122384071350098,0.20917725563049316,0.20878911018371582,0.20882105827331543,0.2088794708251953,0.2089395523071289,0.20900893211364746,0.2088298797607422,0.21193718910217285,0.20913314819335938,0.20899152755737305,0.20894289016723633,0.20893287658691406
6,0.21741008758544922,0.20917391777038574,0.20937490463256836,0.2093360424041748,0.2090449333190918,0.20889854431152344,0.20891976356506348,0.21122384071350098,0.20917725563049316,0.20878911018371582,0.20882105827331543,0.2088794708251953,0.2089395523071289,0.20900893211364746,0.2088298797607422,0.21193718910217285,0.20913314819335938,0.20899152755737305,0.20894289016723633,0.20893287658691406
7,0.21741008758544922,0.20917391777038574,0.20937490463256836,0.2093360424041748,0.2090449333190918,0.20889854431152344,0.20891976356506348,0.21122384071350098,0.20917725563049316,0.20878911018371582,0.20882105827331543,0.2088794708251953,0.2089395523071289,0.20900893211364746,0.2088298797607422,0.21193718910217285,0.20913314819335938,0.20899152755737305,0.20894289016723633,0.20893287658691406
8,0.21741008758544922,0.20917391777038574,0.20937490463256836,0.2093360424041748,0.2090449333190918,0.20889854431152344,0.20891976356506348,0.21122384071350098,0.20917725563049316,0.20878911018371582,0.20882105827331543,0.2088794708251953,0.2089395523071289,0.20900893211364746,0.2088298797607422,0.21193718910217285,0.20913314819335938,0.20899152755737305,0.20894289016723633,0.20893287658691406
9,0.21741008758544922,0.20917391777038574,0.20937490463256836,0.2093360424041748,0.2090449333190918,0.20889854431152344,0.20891976356506348,0.21122384071350098,0.20917725563049316,0.20878911018371582,0.20882105827331543,0.2088794708251953,0.2089395523071289,0.20900893211364746,0.2088298797607422,0.21193718910217285,0.20913314819335938,0.20899152755737305,0.20894289016723633,0.20893287658691406
10,0.21741008758544922,0.20917391777038574,0.20937490463256836,0.2093360424041748,0.2090449333190918,0.20889854431152344,0.20891976356506348,0.21122384071350098,0.20917725563049316,0.20878911018371582,0.20882105827331543,0.2088794708251953,0.2089395523071289,0.20900893211364746,0.2088298797607422,0.21193718910217285,0.20913314819335938,0.20899152755737305,0.20894289016723633,0.20893287658691406
11,0.21741008758544922,0.20917391777038574,0.20937490463256836,0.2093360424041748,0.2090449333190918,0.20889854431152344,0.20891976356506348,0.21122384071350098,0.20917725563049316,0.20878911018371582,0.20882105827331543,0.2088794708251953,0.2089395523071289,0.20900893211364746,0.2088298797607422,0.21193718910217285,0.20913314819335938,0.20899152755737305,0.20894289016723633,0.20893287658691406
12,0.21741008758544922,0.20917391777038574,0.20937490463256836,0.2093360424041748,0.2090449333190918,0.20889854431152344,0.20891976356506348,0.21122384071350098,0.20917725563049316,0.20878911018371582,0.20882105827331543,0.2088794708251953,0.2089395523071289,0.20900893211364746,0.2088298797607422,0.21193718910217285,0.20913314819335938,0.20899152755737305,0.20894289016723633,0.20893287658691406
13,0.21741008758544922,0.20917391777038574,0.20937490463256836,0.2093360424041748,0.2090449333190918,0.20889854431152344,0.20891976356506348,0.21122384071350098,0.20917725563049316,0.20878911018371582,0.20882105827331543,0.2088794708251953,0.2089395523071289,0.20900893211364746,0.2088298797607422,0.21193718910217285,0.20913314819335938,0.20899152755737305,0.20894289016723633,0.20893287658691406
14,0.21741008758544922,0.20917391777038574,0.20937490463256836,0.2093360424041748,0.2090449333190918,0.20889854431152344,0.20891976356506348,0.21122384071350098,0.20917725563049316,0.20878911018371582,0.20882105827331543,0.2088794708251953,0.2089395523071289,0.20900893211364746,0.2088298797607422,0.21193718910217285,0.20913314819335938,0.20899152755737305,0.20894289016723633,0.20893287658691406
15,0.21741008758544922,0.20917391777038574,0.20937490463256836,0.2093360424041748,0.2090449333190918,0.20889854431152344,0.20891976356506348,0.21122384071350098,0.20917725563049316,0.20878911018371582,0.20882105827331543,0.2088794708251953,0.2089395523071289,0.20900893211364746,0.2088298797607422,0.21193718910217285,0.20913314819335938,0.20899152755737305,0.20894289016723633,0.20893287658691406
16,0.21741008758544922,0.20917391777038574,0.20937490463256836,0.2093360424041748,0.2090449333190918,0.20889854431152344,0.20891976356506348,0.21122384071350098,0.20917725563049316,0.20878911018371582,0.20882105827331543,0.2088794708251953,0.2089395523071289,0.20900893211364746,0.2088298797607422,0.21193718910217285,0.20913314819335938,0.20899152755737305,0.20894289016723633,0.20893287658691406
17,0.21741008758544922,0.20917391777038574,0.20937490463256836,0.2093360424041748,0.2090449333190918,0.20889854431152344,0.20891976356506348,0.21122384071350098,0.20917725563049316,0.20878911018371582,0.20882105827331543,0.2088794708251953,0.2089395523071289,0.20900893211364746,0.2088298797607422,0.21193718910217285,0.20913314819335938,0.20899152755737305,0.20894289016723633,0.20893287658691406
18,0.21741008758544922,0.20917391777038574,0.20937490463256836,0.2093360424041748,0.2090449333190918,0.20889854431152344,0.20891976356506348,0.21122384071350098,0.20917725563049316,0.20878911018371582,0.20882105827331543,0.2088794708251953,0.2089395523071289,0.20900893211364746,0.2088298797607422,0.21193718910217285,0.20913314819335938,0.20899152755737305,0.20894289016723633,0.20893287658691406
19,0.21741008758544922,0.20917391777038574,0.20937490463256836,0.2093360424041748,0.2090449333190918,0.20889854431152344,0.20891976356506348,0.21122384071350098,0.20917725563049316,0.20878911018371582,0.20882105827331543,0.2088794708251953,0.2089395523071289,0.20900893211364746,0.2088298797607422,0.21193718910217285,0.20913314819335938,0.20899152755737305,0.20894289016723633,0.20893287658691406
20,0.581634521484375,0.571751594543457,0.5581724643707275,0.5579664707183838,0.5584323406219482,0.5579423904418945,0.5582141876220703,0.5579965114593506,0.5580010414123535,0.5585319995880127,0.5585439205169678,0.5589199066162109,0.5589203834533691,0.5588505268096924,0.5590353012084961,0.5590457916259766,0.559340238571167,0.5589175224304199,0.5589449405670166,0.5590028762817383
21,0.581634521484375,0.571751594543457,0.5581724643707275,0.5579664707183838,0.5584323406219482,0.5579423904418945,0.5582141876220703,0.5579965114593506,0.5580010414123535,0.5585319995880127,0.5585439205169678,0.5589199066162109,0.5589203834533691,0.5588505268096924,0.5590353012084961,0.5590457916259766,0.559340238571167,0.5589175224304199,0.5589449405670166,0.5590028762817383
22,0.581634521484375,0.571751594543457,0.5581724643707275,0.5579664707183838,0.5584323406219482,0.5579423904418945,0.5582141876220703,0.5579965114593506,0.5580010414123535,0.5585319995880127,0.5585439205169678,0.5589199066162109,0.5589203834533691,0.5588505268096924,0.5590353012084961,0.5590457916259766,0.559340238571167,0.5589175224304199,0.5589449405670166,0.5590028762817383
23,0.581634521484375,0.571751594543457,0.5581724643707275,0.5579664707183838,0.5584323406219482,0.5579423904418945,0.5582141876220703,0.5579965114593506,0.5580010414123535,0.5585319995880127,0.5585439205169678,0.5589199066162109,0.5589203834533691,0.5588505268096924,0.5590353012084961,0.5590457916259766,0.559340238571167,0.5589175224304199,0.5589449405670166,0.5590028762817383
24,0.581634521484375,0.571751594543457,0.5581724643707275,0.5579664707183838,0.5584323406219482,0.5579423904418945,0.5582141876220703,0.5579965114593506,0.5580010414123535,0.5585319995880127,0.5585439205169678,0.5589199066162109,0.5589203834533691,0.5588505268096924,0.5590353012084961,0.5590457916259766,0.559340238571167,0.5589175224304199,0.5589449405670166,0.5590028762817383
25,0.581634521484375,0.571751594543457,0.5581724643707275,0.5579664707183838,0.5584323406219482,0.5579423904418945,0.5582141876220703,0.5579965114593506,0.5580010414123535,0.5585319995880127,0.5585439205169678,0.5589199066162109,0.5589203834533691,0.5588505268096924,0.5590353012084961,0.5590457916259766,0.559340238571167,0.5589175224304199,0.5589449405670166,0.5590028762817383
26,0.581634521484375,0.571751594543457,0.5581724643707275,0.5579664707183838,0.5584323406219482,0.5579423904418945,0.5582141876220703,0.5579965114593506,0.5580010414123535,0.5585319995880127,0.5585439205169678,0.5589199066162109,0.5589203834533691,0.5588505268096924,0.5590353012084961,0.5590457916259766,0.559340238571167,0.5589175224304199,0.5589449405670166,0.5590028762817383
27,0.581634521484375,0.571751594543457,0.5581724643707275,0.5579664707183838,0.5584323406219482,0.5579423904418945,0.5582141876220703,0.5579965114593506,0.5580010414123535,0.5585319995880127,0.5585439205169678,0.5589199066162109,0.5589203834533691,0.5588505268096924,0.5590353012084961,0.5590457916259766,0.559340238571167,0.5589175224304199,0.5589449405670166,0.5590028762817383
28,0.581634521484375,0.571751594543457,0.5581724643707275,0.5579664707183838,0.5584323406219482,0.5579423904418945,0.5582141876220703,0.5579965114593506,0.5580010414123535,0.5585319995880127,0.5585439205169678,0.5589199066162109,0.5589203834533691,0.5588505268096924,0.5590353012084961,0.5590457916259766,0.559340238571167,0.5589175224304199,0.5589449405670166,0.5590028762817383
29,0.581634521484375,0.571751594543457,0.5581724643707275,0.5579664707183838,0.5584323406219482,0.5579423904418945,0.5582141876220703,0.5579965114593506,0.5580010414123535,0.5585319995880127,0.5585439205169678,0.5589199066162109,0.5589203834533691,0.5588505268096924,0.5590353012084961,0.5590457916259766,0.559340238571167,0.5589175224304199,0.5589449405670166,0.5590028762817383
30,0.581634521484375,0.571751594543457,0.5581724643707275,0.5579664707183838,0.5584323406219482,0.5579423904418945,0.5582141876220703,0.5579965114593506,0.5580010414123535,0.5585319995880127,0.5585439205169678,0.5589199066162109,0.5589203834533691,0.5588505268096924,0.5590353012084961,0.5590457916259766,0.559340238571167,0.5589175224304199,0.5589449405670166,0.5590028762817383
31,0.581634521484375,0.571751594543457,0.5581724643707275,0.5579664707183838,0.5584323406219482,0.5579423904418945,0.5582141876220703,0.5579965114593506,0.5580010414123535,0.5585319995880127,0.5585439205169678,0.5589199066162109,0.5589203834533691,0.5588505268096924,0.5590353012084961,0.5590457916259766,0.559340238571167,0.5589175224304199,0.5589449405670166,0.5590028762817383
32,0.581634521484375,0.571751594543457,0.5581724643707275,0.5579664707183838,0.5584323406219482,0.5579423904418945,0.5582141876220703,0.5579965114593506,0.5580010414123535,0.5585319995880127,0.5585439205169678,0.5589199066162109,0.5589203834533691,0.5588505268096924,0.5590353012084961,0.5590457916259766,0.559340238571167,0.5589175224304199,0.5589449405670166,0.5590028762817383
33,0.581634521484375,0.571751594543457,0.5581724643707275,0.5579664707183838,0.5584323406219482,0.5579423904418945,0.5582141876220703,0.5579965114593506,0.5580010414123535,0.5585319995880127,0.5585439205169678,0.5589199066162109,0.5589203834533691,0.5588505268096924,0.5590353012084961,0.5590457916259766,0.559340238571167,0.5589175224304199,0.5589449405670166,0.5590028762817383
34,0.581634521484375,0.571751594543457,0.5581724643707275,0.5579664707183838,0.5584323406219482,0.5579423904418945,0.5582141876220703,0.5579965114593506,0.5580010414123535,0.5585319995880127,0.5585439205169678,0.5589199066162109,0.5589203834533691,0.5588505268096924,0.5590353012084961,0.5590457916259766,0.559340238571167,0.5589175224304199,0.5589449405670166,0.5590028762817383
35,0.581634521484375,0.571751594543457,0.5581724643707275,0.5579664707183838,0.5584323406219482,0.5579423904418945,0.5582141876220703,0.5579965114593506,0.5580010414123535,0.5585319995880127,0.5585439205169678,0.5589199066162109,0.5589203834533691,0.5588505268096924,0.5590353012084961,0.5590457916259766,0.559340238571167,0.5589175224304199,0.5589449405670166,0.5590028762817383
36,0.581634521484375,0.571751594543457,0.5581724643707275,0.5579664707183838,0.5584323406219482,0.5579423904418945,0.5582141876220703,0.5579965114593506,0.5580010414123535,0.5585319995880127,0.5585439205169678,0.5589199066162109,0.5589203834533691,0.5588505268096924,0.5590353012084961,0.5590457916259766,0.559340238571167,0.5589175224304199,0.5589449405670166,0.5590028762817383
37,0.581634521484375,0.571751594543457,0.5581724643707275,0.5579664707183838,0.5584323406219482,0.5579423904418945,0.5582141876220703,0.5579965114593506,0.5580010414123535,0.5585319995880127,0.5585439205169678,0.5589199066162109,0.5589203834533691,0.5588505268096924,0.5590353012084961,0.5590457916259766,0.559340238571167,0.5589175224304199,0.5589449405670166,0.5590028762817383
38,0.581634521484375,0.571751594543457,0.5581724643707275,0.5579664707183838,0.5584323406219482,0.5579423904418945,0.5582141876220703,0.5579965114593506,0.5580010414123535,0.5585319995880127,0.5585439205169678,0.5589199066162109,0.5589203834533691,0.5588505268096924,0.5590353012084961,0.5590457916259766,0.559340238571167,0.5589175224304199,0.5589449405670166,0.5590028762817383
39,0.581634521484375,0.571751594543457,0.5581724643707275,0.5579664707183838,0.5584323406219482,0.5579423904418945,0.5582141876220703,0.5579965114593506,0.5580010414123535,0.5585319995880127,0.5585439205169678,0.5589199066162109,0.5589203834533691,0.5588505268096924,0.5590353012084961,0.5590457916259766,0.559340238571167,0.5589175224304199,0.5589449405670166,0.5590028762817383
40,1.4950952529907227,1.499634027481079,1.4993653297424316,1.5007898807525635,1.503114938735962,1.5021562576293945,1.5004918575286865,1.5007011890411377,1.5011351108551025,1.4999501705169678,1.5015394687652588,1.499891757965088,1.5005278587341309,1.4997365474700928,1.5002415180206299,1.4996039867401123,1.500166416168213,1.5000348091125488,1.5017712116241455,1.4999711513519287
41,1.4950952529907227,1.499634027481079,1.4993653297424316,1.5007898807525635,1.503114938735962,1.5021562576293945,1.5004918575286865,1.5007011890411377,1.5011351108551025,1.4999501705169678,1.5015394687652588,1.499891757965088,1.5005278587341309,1.4997365474700928,1.5002415180206299,1.4996039867401123,1.500166416168213,1.5000348091125488,1.5017712116241455,1.4999711513519287
42,1.4950952529907227,1.499634027481079,1.4993653297424316,1.5007898807525635,1.503114938735962,1.5021562576293945,1.5004918575286865,1.5007011890411377,1.5011351108551025,1.4999501705169678,1.5015394687652588,1.499891757965088,1.5005278587341309,1.4997365474700928,1.5002415180206299,1.4996039867401123,1.500166416168213,1.5000348091125488,1.5017712116241455,1.4999711513519287
43,1.4950952529907227,1.499634027481079,1.4993653297424316,1.5007898807525635,1.503114938735962,1.5021562576293945,1.5004918575286865,1.5007011890411377,1.5011351108551025,1.4999501705169678,1.5015394687652588,1.499891757965088,1.5005278587341309,1.4997365474700928,1.5002415180206299,1.4996039867401123,1.500166416168213,1.5000348091125488,1.5017712116241455,1.4999711513519287
44,1.4950952529907227,1.499634027481079,1.4993653297424316,1.5007898807525635,1.503114938735962,1.5021562576293945,1.5004918575286865,1.5007011890411377,1.5011351108551025,1.4999501705169678,1.5015394687652588,1.499891757965088,1.5005278587341309,1.4997365474700928,1.5002415180206299,1.4996039867401123,1.500166416168213,1.5000348091125488,1.5017712116241455,1.4999711513519287
45,1.4950952529907227,1.499634027481079,1.4993653297424316,1.5007898807525635,1.503114938735962,1.5021562576293945,1.5004918575286865,1.5007011890411377,1.5011351108551025,1.4999501705169678,1.5015394687652588,1.499891757965088,1.5005278587341309,1.4997365474700928,1.5002415180206299,1.4996039867401123,1.500166416168213,1.5000348091125488,1.5017712116241455,1.4999711513519287
46,1.4950952529907227,1.499634027481079,1.4993653297424316,1.5007898807525635,1.503114938735962,1.5021562576293945,1.5004918575286865,1.5007011890411377,1.5011351108551025,1.4999501705169678,1.5015394687652588,1.499891757965088,1.5005278587341309,1.4997365474700928,1.5002415180206299,1.4996039867401123,1.500166416168213,1.5000348091125488,1.5017712116241455,1.4999711513519287
47,1.4950952529907227,1.499634027481079,1.4993653297424316,1.5007898807525635,1.503114938735962,1.5021562576293945,1.5004918575286865,1.5007011890411377,1.5011351108551025,1.4999501705169678,1.5015394687652588,1.499891757965088,1.5005278587341309,1.4997365474700928,1.5002415180206299,1.4996039867401123,1.500166416168213,1.5000348091125488,1.5017712116241455,1.4999711513519287
48,1.4950952529907227,1.499634027481079,1.4993653297424316,1.5007898807525635,1.503114938735962,1.5021562576293945,1.5004918575286865,1.5007011890411377,1.5011351108551025,1.4999501705169678,1.5015394687652588,1.499891757965088,1.5005278587341309,1.4997365474700928,1.5002415180206299,1.4996039867401123,1.500166416168213,1.5000348091125488,1.5017712116241455,1.4999711513519287
49,1.4950952529907227,1.499634027481079,1.4993653297424316,1.5007898807525635,1.503114938735962,1.5021562576293945,1.5004918575286865,1.5007011890411377,1.5011351108551025,1.4999501705169678,1.5015394687652588,1.499891757965088,1.5005278587341309,1.4997365474700928,1.5002415180206299,1.4996039867401123,1.500166416168213,1.5000348091125488,1.5017712116241455,1.4999711513519287
50,1.4950952529907227,1.499634027481079,1.4993653297424316,1.5007898807525635,1.503114938735962,1.5021562576293945,1.5004918575286865,1.5007011890411377,1.5011351108551025,1.4999501705169678,1.5015394687652588,1.499891757965088,1.5005278587341309,1.4997365474700928,1.5002415180206299,1.4996039867401123,1.500166416168213,1.5000348091125488,1.5017712116241455,1.4999711513519287
51,1.4950952529907227,1.499634027481079,1.4993653297424316,1.5007898807525635,1.503114938735962,1.5021562576293945,1.5004918575286865,1.5007011890411377,1.5011351108551025,1.4999501705169678,1.5015394687652588,1.499891757965088,1.5005278587341309,1.4997365474700928,1.5002415180206299,1.4996039867401123,1.500166416168213,1.5000348091125488,1.5017712116241455,1.4999711513519287
52,1.4950952529907227,1.499634027481079,1.4993653297424316,1.5007898807525635,1.503114938735962,1.5021562576293945,1.5004918575286865,1.5007011890411377,1.5011351108551025,1.4999501705169678,1.5015394687652588,1.499891757965088,1.5005278587341309,1.4997365474700928,1.5002415180206299,1.4996039867401123,1.500166416168213,1.5000348091125488,1.5017712116241455,1.4999711513519287
53,1.4950952529907227,1.499634027481079,1.4993653297424316,1.5007898807525635,1.503114938735962,1.5021562576293945,1.5004918575286865,1.5007011890411377,1.5011351108551025,1.4999501705169678,1.5015394687652588,1.499891757965088,1.5005278587341309,1.4997365474700928,1.5002415180206299,1.4996039867401123,1.500166416168213,1.5000348091125488,1.5017712116241455,1.4999711513519287
54,1.4950952529907227,1.499634027481079,1.4993653297424316,1.5007898807525635,1.503114938735962,1.5021562576293945,1.5004918575286865,1.5007011890411377,1.5011351108551025,1.4999501705169678,1.5015394687652588,1.499891757965088,1.5005278587341309,1.4997365474700928,1.5002415180206299,1.4996039867401123,1.500166416168213,1.5000348091125488,1.5017712116241455,1.4999711513519287
55,1.4950952529907227,1.499634027481079,1.4993653297424316,1.5007898807525635,1.503114938735962,1.5021562576293945,1.5004918575286865,1.5007011890411377,1.5011351108551025,1.4999501705169678,1.5015394687652588,1.499891757965088,1.5005278587341309,1.4997365474700928,1.5002415180206299,1.4996039867401123,1.500166416168213,1.5000348091125488,1.5017712116241455,1.4999711513519287
56,1.4950952529907227,1.499634027481079,1.4993653297424316,1.5007898807525635,1.503114938735962,1.5021562576293945,1.5004918575286865,1.5007011890411377,1.5011351108551025,1.4999501705169678,1.5015394687652588,1.499891757965088,1.5005278587341309,1.4997365474700928,1.5002415180206299,1.4996039867401123,1.500166416168213,1.5000348091125488,1.5017712116241455,1.4999711513519287
57,1.4950952529907227,1.499634027481079,1.4993653297424316,1.5007898807525635,1.503114938735962,1.5021562576293945,1.5004918575286865,1.5007011890411377,1.5011351108551025,1.4999501705169678,1.5015394687652588,1.499891757965088,1.5005278587341309,1.4997365474700928,1.5002415180206299,1.4996039867401123,1.500166416168213,1.5000348091125488,1.5017712116241455,1.4999711513519287
58,1.4950952529907227,1.499634027481079,1.4993653297424316,1.5007898807525635,1.503114938735962,1.5021562576293945,1.5004918575286865,1.5007011890411377,1.5011351108551025,1.4999501705169678,1.5015394687652588,1.499891757965088,1.5005278587341309,1.4997365474700928,1.5002415180206299,1.4996039867401123,1.500166416168213,1.5000348091125488,1.5017712116241455,1.4999711513519287
59,1.4950952529907227,1.499634027481079,1.4993653297424316,1.5007898807525635,1.503114938735962,1.5021562576293945,1.5004918575286865,1.5007011890411377,1.5011351108551025,1.4999501705169678,1.5015394687652588,1.499891757965088,1.5005278587341309,1.4997365474700928,1.5002415180206299,1.4996039867401123,1.500166416168213,1.5000348091125488,1.5017712116241455,1.4999711513519287
60,4.191154956817627,4.176103591918945,4.174731016159058,4.174300909042358,4.174345254898071,4.174988031387329,4.175201892852783,4.175143480300903,4.174992322921753,4.1746227741241455,4.17507004737854,4.175193548202515,4.1752097606658936,4.175320148468018,4.175565958023071,4.174700975418091,4.174404144287109,4.174856901168823,4.174405574798584,4.175767660140991
61,4.191154956817627,4.176103591918945,4.174731016159058,4.174300909042358,4.174345254898071,4.174988031387329,4.175201892852783,4.175143480300903,4.174992322921753,4.1746227741241455,4.17507004737854,4.175193548202515,4.1752097606658936,4.175320148468018,4.175565958023071,4.174700975418091,4.174404144287109,4.174856901168823,4.174405574798584,4.175767660140991
62,4.191154956817627,4.176103591918945,4.174731016159058,4.174300909042358,4.174345254898071,4.174988031387329,4.175201892852783,4.175143480300903,4.174992322921753,4.1746227741241455,4.17507004737854,4.175193548202515,4.1752097606658936,4.175320148468018,4.175565958023071,4.174700975418091,4.174404144287109,4.174856901168823,4.174405574798584,4.175767660140991
63,4.191154956817627,4.176103591918945,4.174731016159058,4.174300909042358,4.174345254898071,4.174988031387329,4.175201892852783,4.175143480300903,4.174992322921753,4.1746227741241455,4.17507004737854,4.175193548202515,4.1752097606658936,4.175320148468018,4.175565958023071,4.174700975418091,4.174404144287109,4.174856901168823,4.174405574798584,4.175767660140991
64,4.191154956817627,4.176103591918945,4.174731016159058,4.174300909042358,4.174345254898071,4.174988031387329,4.175201892852783,4.175143480300903,4.174992322921753,4.1746227741241455,4.17507004737854,4.175193548202515,4.1752097606658936,4.175320148468018,4.175565958023071,4.174700975418091,4.174404144287109,4.174856901168823,4.174405574798584,4.175767660140991
65,4.191154956817627,4.176103591918945,4.174731016159058,4.174300909042358,4.174345254898071,4.174988031387329,4.175201892852783,4.175143480300903,4.174992322921753,4.1746227741241455,4.17507004737854,4.175193548202515,4.1752097606658936,4.175320148468018,4.175565958023071,4.174700975418091,4.174404144287109,4.174856901168823,4.174405574798584,4.175767660140991
66,4.191154956817627,4.176103591918945,4.174731016159058,4.174300909042358,4.174345254898071,4.174988031387329,4.175201892852783,4.175143480300903,4.174992322921753,4.1746227741241455,4.17507004737854,4.175193548202515,4.1752097606658936,4.175320148468018,4.175565958023071,4.174700975418091,4.174404144287109,4.174856901168823,4.174405574798584,4.175767660140991
67,4.191154956817627,4.176103591918945,4.174731016159058,4.174300909042358,4.174345254898071,4.174988031387329,4.175201892852783,4.175143480300903,4.174992322921753,4.1746227741241455,4.17507004737854,4.175193548202515,4.1752097606658936,4.175320148468018,4.175565958023071,4.174700975418091,4.174404144287109,4.174856901168823,4.174405574798584,4.175767660140991
68,4.191154956817627,4.176103591918945,4.174731016159058,4.174300909042358,4.174345254898071,4.174988031387329,4.175201892852783,4.175143480300903,4.174992322921753,4.1746227741241455,4.17507004737854,4.175193548202515,4.1752097606658936,4.175320148468018,4.175565958023071,4.174700975418091,4.174404144287109,4.174856901168823,4.174405574798584,4.175767660140991
69,4.191154956817627,4.176103591918945,4.174731016159058,4.174300909042358,4.174345254898071,4.174988031387329,4.175201892852783,4.175143480300903,4.174992322921753,4.1746227741241455,4.17507004737854,4.175193548202515,4.1752097606658936,4.175320148468018,4.175565958023071,4.174700975418091,4.174404144287109,4.174856901168823,4.174405574798584,4.175767660140991
70,4.191154956817627,4.176103591918945,4.174731016159058,4.174300909042358,4.174345254898071,4.174988031387329,4.175201892852783,4.175143480300903,4.174992322921753,4.1746227741241455,4.17507004737854,4.175193548202515,4.1752097606658936,4.175320148468018,4.175565958023071,4.174700975418091,4.174404144287109,4.174856901168823,4.174405574798584,4.175767660140991
71,4.191154956817627,4.176103591918945,4.174731016159058,4.174300909042358,4.174345254898071,4.174988031387329,4.175201892852783,4.175143480300903,4.174992322921753,4.1746227741241455,4.17507004737854,4.175193548202515,4.1752097606658936,4.175320148468018,4.175565958023071,4.174700975418091,4.174404144287109,4.174856901168823,4.174405574798584,4.175767660140991
72,4.191154956817627,4.176103591918945,4.174731016159058,4.174300909042358,4.174345254898071,4.174988031387329,4.175201892852783,4.175143480300903,4.174992322921753,4.1746227741241455,4.17507004737854,4.175193548202515,4.1752097606658936,4.175320148468018,4.175565958023071,4.174700975418091,4.174404144287109,4.174856901168823,4.174405574798584,4.175767660140991
73,4.191154956817627,4.176103591918945,4.174731016159058,4.174300909042358,4.174345254898071,4.174988031387329,4.175201892852783,4.175143480300903,4.174992322921753,4.1746227741241455,4.17507004737854,4.175193548202515,4.1752097606658936,4.175320148468018,4.175565958023071,4.174700975418091,4.174404144287109,4.174856901168823,4.174405574798584,4.175767660140991
74,4.191154956817627,4.176103591918945,4.174731016159058,4.174300909042358,4.174345254898071,4.174988031387329,4.175201892852783,4.175143480300903,4.174992322921753,4.1746227741241455,4.17507004737854,4.175193548202515,4.1752097606658936,4.175320148468018,4.175565958023071,4.174700975418091,4.174404144287109,4.174856901168823,4.174405574798584,4.175767660140991
75,4.191154956817627,4.176103591918945,4.174731016159058,4.174300909042358,4.174345254898071,4.174988031387329,4.175201892852783,4.175143480300903,4.174992322921753,4.1746227741241455,4.17507004737854,4.175193548202515,4.1752097606658936,4.175320148468018,4.175565958023071,4.174700975418091,4.174404144287109,4.174856901168823,4.174405574798584,4.175767660140991
76,4.191154956817627,4.176103591918945,4.174731016159058,4.174300909042358,4.174345254898071,4.174988031387329,4.175201892852783,4.175143480300903,4.174992322921753,4.1746227741241455,4.17507004737854,4.175193548202515,4.1752097606658936,4.175320148468018,4.175565958023071,4.174700975418091,4.174404144287109,4.174856901168823,4.174405574798584,4.175767660140991
77,4.191154956817627,4.176103591918945,4.174731016159058,4.174300909042358,4.174345254898071,4.174988031387329,4.175201892852783,4.175143480300903,4.174992322921753,4.1746227741241455,4.17507004737854,4.175193548202515,4.1752097606658936,4.175320148468018,4.175565958023071,4.174700975418091,4.174404144287109,4.174856901168823,4.174405574798584,4.175767660140991
78,4.191154956817627,4.176103591918945,4.174731016159058,4.174300909042358,4.174345254898071,4.174988031387329,4.175201892852783,4.175143480300903,4.174992322921753,4.1746227741241455,4.17507004737854,4.175193548202515,4.1752097606658936,4.175320148468018,4.175565958023071,4.174700975418091,4.174404144287109,4.174856901168823,4.174405574798584,4.175767660140991
79,4.191154956817627,4.176103591918945,4.174731016159058,4.174300909042358,4.174345254898071,4.174988031387329,4.175201892852783,4.175143480300903,4.174992322921753,4.1746227741241455,4.17507004737854,4.175193548202515,4.1752097606658936,4.175320148468018,4.175565958023071,4.174700975418091,4.174404144287109,4.174856901168823,4.174405574798584,4.175767660140991
80,10.821281909942627,11.181400537490845,11.194928407669067,11.180737257003784,11.194522380828857,11.180500984191895,11.198912620544434,11.197286128997803,11.22177505493164,11.189357995986938,11.200566291809082,11.194119691848755,11.198045253753662,11.182394027709961,11.201943159103394,11.187956809997559,11.192956924438477,11.18423342704773,11.196473360061646,11.184839963912964
81,10.821281909942627,11.181400537490845,11.194928407669067,11.180737257003784,11.194522380828857,11.180500984191895,11.198912620544434,11.197286128997803,11.22177505493164,11.189357995986938,11.200566291809082,11.194119691848755,11.198045253753662,11.182394027709961,11.201943159103394,11.187956809997559,11.192956924438477,11.18423342704773,11.196473360061646,11.184839963912964
82,10.821281909942627,11.181400537490845,11.194928407669067,11.180737257003784,11.194522380828857,11.180500984191895,11.198912620544434,11.197286128997803,11.22177505493164,11.189357995986938,11.200566291809082,11.194119691848755,11.198045253753662,11.182394027709961,11.201943159103394,11.187956809997559,11.192956924438477,11.18423342704773,11.196473360061646,11.184839963912964
83,10.821281909942627,11.181400537490845,11.194928407669067,11.180737257003784,11.194522380828857,11.180500984191895,11.198912620544434,11.197286128997803,11.22177505493164,11.189357995986938,11.200566291809082,11.194119691848755,11.198045253753662,11.182394027709961,11.201943159103394,11.187956809997559,11.192956924438477,11.18423342704773,11.196473360061646,11.184839963912964
84,10.821281909942627,11.181400537490845,11.194928407669067,11.180737257003784,11.194522380828857,11.180500984191895,11.198912620544434,11.197286128997803,11.22177505493164,11.189357995986938,11.200566291809082,11.194119691848755,11.198045253753662,11.182394027709961,11.201943159103394,11.187956809997559,11.192956924438477,11.18423342704773,11.196473360061646,11.184839963912964
85,10.821281909942627,11.181400537490845,11.194928407669067,11.180737257003784,11.194522380828857,11.180500984191895,11.198912620544434,11.197286128997803,11.22177505493164,11.189357995986938,11.200566291809082,11.194119691848755,11.198045253753662,11.182394027709961,11.201943159103394,11.187956809997559,11.192956924438477,11.18423342704773,11.196473360061646,11.184839963912964
86,10.821281909942627,11.181400537490845,11.194928407669067,11.180737257003784,11.194522380828857,11.180500984191895,11.198912620544434,11.197286128997803,11.22177505493164,11.189357995986938,11.200566291809082,11.194119691848755,11.198045253753662,11.182394027709961,11.201943159103394,11.187956809997559,11.192956924438477,11.18423342704773,11.196473360061646,11.184839963912964
87,10.821281909942627,11.181400537490845,11.194928407669067,11.180737257003784,11.194522380828857,11.180500984191895,11.198912620544434,11.197286128997803,11.22177505493164,11.189357995986938,11.200566291809082,11.194119691848755,11.198045253753662,11.182394027709961,11.201943159103394,11.187956809997559,11.192956924438477,11.18423342704773,11.196473360061646,11.184839963912964
88,10.821281909942627,11.181400537490845,11.194928407669067,11.180737257003784,11.194522380828857,11.180500984191895,11.198912620544434,11.197286128997803,11.22177505493164,11.189357995986938,11.200566291809082,11.194119691848755,11.198045253753662,11.182394027709961,11.201943159103394,11.187956809997559,11.192956924438477,11.18423342704773,11.196473360061646,11.184839963912964
89,10.821281909942627,11.181400537490845,11.194928407669067,11.180737257003784,11.194522380828857,11.180500984191895,11.198912620544434,11.197286128997803,11.22177505493164,11.189357995986938,11.200566291809082,11.194119691848755,11.198045253753662,11.182394027709961,11.201943159103394,11.187956809997559,11.192956924438477,11.18423342704773,11.196473360061646,11.184839963912964
90,10.821281909942627,11.181400537490845,11.194928407669067,11.180737257003784,11.194522380828857,11.180500984191895,11.198912620544434,11.197286128997803,11.22177505493164,11.189357995986938,11.200566291809082,11.194119691848755,11.198045253753662,11.182394027709961,11.201943159103394,11.187956809997559,11.192956924438477,11.18423342704773,11.196473360061646,11.184839963912964
91,10.821281909942627,11.181400537490845,11.194928407669067,11.180737257003784,11.194522380828857,11.180500984191895,11.198912620544434,11.197286128997803,11.22177505493164,11.189357995986938,11.200566291809082,11.194119691848755,11.198045253753662,11.182394027709961,11.201943159103394,11.187956809997559,11.192956924438477,11.18423342704773,11.196473360061646,11.184839963912964
92,10.821281909942627,11.181400537490845,11.194928407669067,11.180737257003784,11.194522380828857,11.180500984191895,11.198912620544434,11.197286128997803,11.22177505493164,11.189357995986938,11.200566291809082,11.194119691848755,11.198045253753662,11.182394027709961,11.201943159103394,11.187956809997559,11.192956924438477,11.18423342704773,11.196473360061646,11.184839963912964
93,10.821281909942627,11.181400537490845,11.194928407669067,11.180737257003784,11.194522380828857,11.180500984191895,11.198912620544434,11.197286128997803,11.22177505493164,11.189357995986938,11.200566291809082,11.194119691848755,11.198045253753662,11.182394027709961,11.201943159103394,11.187956809997559,11.192956924438477,11.18423342704773,11.196473360061646,11.184839963912964
94,10.821281909942627,11.181400537490845,11.194928407669067,11.180737257003784,11.194522380828857,11.180500984191895,11.198912620544434,11.197286128997803,11.22177505493164,11.189357995986938,11.200566291809082,11.194119691848755,11.198045253753662,11.182394027709961,11.201943159103394,11.187956809997559,11.192956924438477,11.18423342704773,11.196473360061646,11.184839963912964
95,10.821281909942627,11.181400537490845,11.194928407669067,11.180737257003784,11.194522380828857,11.180500984191895,11.198912620544434,11.197286128997803,11.22177505493164,11.189357995986938,11.200566291809082,11.194119691848755,11.198045253753662,11.182394027709961,11.201943159103394,11.187956809997559,11.192956924438477,11.18423342704773,11.196473360061646,11.184839963912964
96,10.821281909942627,11.181400537490845,11.194928407669067,11.180737257003784,11.194522380828857,11.180500984191895,11.198912620544434,11.197286128997803,11.22177505493164,11.189357995986938,11.200566291809082,11.194119691848755,11.198045253753662,11.182394027709961,11.201943159103394,11.187956809997559,11.192956924438477,11.18423342704773,11.196473360061646,11.184839963912964
97,10.821281909942627,11.181400537490845,11.194928407669067,11.180737257003784,11.194522380828857,11.180500984191895,11.198912620544434,11.197286128997803,11.22177505493164,11.189357995986938,11.200566291809082,11.194119691848755,11.198045253753662,11.182394027709961,11.201943159103394,11.187956809997559,11.192956924438477,11.18423342704773,11.196473360061646,11.184839963912964
98,10.821281909942627,11.181400537490845,11.194928407669067,11.180737257003784,11.194522380828857,11.180500984191895,11.198912620544434,11.197286128997803,11.22177505493164,11.189357995986938,11.200566291809082,11.194119691848755,11.198045253753662,11.182394027709961,11.201943159103394,11.187956809997559,11.192956924438477,11.18423342704773,11.196473360061646,11.184839963912964
99,10.821281909942627,11.181400537490845,11.194928407669067,11.180737257003784,11.194522380828857,11.180500984191895,11.198912620544434,11.197286128997803,11.22177505493164,11.189357995986938,11.200566291809082,11.194119691848755,11.198045253753662,11.182394027709961,11.201943159103394,11.187956809997559,11.192956924438477,11.18423342704773,11.196473360061646,11.184839963912964
100,29.101131677627563,29.543407678604126,29.505654096603394,29.514192819595337,29.507131814956665,29.542769193649292,29.513378620147705,29.511598110198975,29.493691444396973,29.540486574172974,29.50291085243225,29.51116371154785,29.505789041519165,29.54082441329956,29.51260256767273,29.51046085357666,29.507575035095215,29.540566205978394,29.50355315208435,29.5097975730896
101,29.101131677627563,29.543407678604126,29.505654096603394,29.514192819595337,29.507131814956665,29.542769193649292,29.513378620147705,29.511598110198975,29.493691444396973,29.540486574172974,29.50291085243225,29.51116371154785,29.505789041519165,29.54082441329956,29.51260256767273,29.51046085357666,29.507575035095215,29.540566205978394,29.50355315208435,29.5097975730896
102,29.101131677627563,29.543407678604126,29.505654096603394,29.514192819595337,29.507131814956665,29.542769193649292,29.513378620147705,29.511598110198975,29.493691444396973,29.540486574172974,29.50291085243225,29.51116371154785,29.505789041519165,29.54082441329956,29.51260256767273,29.51046085357666,29.507575035095215,29.540566205978394,29.50355315208435,29.5097975730896
103,29.101131677627563,29.543407678604126,29.505654096603394,29.514192819595337,29.507131814956665,29.542769193649292,29.513378620147705,29.511598110198975,29.493691444396973,29.540486574172974,29.50291085243225,29.51116371154785,29.505789041519165,29.54082441329956,29.51260256767273,29.51046085357666,29.507575035095215,29.540566205978394,29.50355315208435,29.5097975730896
104,29.101131677627563,29.543407678604126,29.505654096603394,29.514192819595337,29.507131814956665,29.542769193649292,29.513378620147705,29.511598110198975,29.493691444396973,29.540486574172974,29.50291085243225,29.51116371154785,29.505789041519165,29.54082441329956,29.51260256767273,29.51046085357666,29.507575035095215,29.540566205978394,29.50355315208435,29.5097975730896
105,29.101131677627563,29.543407678604126,29.505654096603394,29.514192819595337,29.507131814956665,29.542769193649292,29.513378620147705,29.511598110198975,29.493691444396973,29.540486574172974,29.50291085243225,29.51116371154785,29.505789041519165,29.54082441329956,29.51260256767273,29.51046085357666,29.507575035095215,29.540566205978394,29.50355315208435,29.5097975730896
106,29.101131677627563,29.543407678604126,29.505654096603394,29.514192819595337,29.507131814956665,29.542769193649292,29.513378620147705,29.511598110198975,29.493691444396973,29.540486574172974,29.50291085243225,29.51116371154785,29.505789041519165,29.54082441329956,29.51260256767273,29.51046085357666,29.507575035095215,29.540566205978394,29.50355315208435,29.5097975730896
107,29.101131677627563,29.543407678604126,29.505654096603394,29.514192819595337,29.507131814956665,29.542769193649292,29.513378620147705,29.511598110198975,29.493691444396973,29.540486574172974,29.50291085243225,29.51116371154785,29.505789041519165,29.54082441329956,29.51260256767273,29.51046085357666,29.507575035095215,29.540566205978394,29.50355315208435,29.5097975730896
108,29.101131677627563,29.543407678604126,29.505654096603394,29.514192819595337,29.507131814956665,29.542769193649292,29.513378620147705,29.511598110198975,29.493691444396973,29.540486574172974,29.50291085243225,29.51116371154785,29.505789041519165,29.54082441329956,29.51260256767273,29.51046085357666,29.507575035095215,29.540566205978394,29.50355315208435,29.5097975730896
109,29.101131677627563,29.543407678604126,29.505654096603394,29.514192819595337,29.507131814956665,29.542769193649292,29.513378620147705,29.511598110198975,29.493691444396973,29.540486574172974,29.50291085243225,29.51116371154785,29.505789041519165,29.54082441329956,29.51260256767273,29.51046085357666,29.507575035095215,29.540566205978394,29.50355315208435,29.5097975730896
110,29.101131677627563,29.543407678604126,29.505654096603394,29.514192819595337,29.507131814956665,29.542769193649292,29.513378620147705,29.511598110198975,29.493691444396973,29.540486574172974,29.50291085243225,29.51116371154785,29.505789041519165,29.54082441329956,29.51260256767273,29.51046085357666,29.507575035095215,29.540566205978394,29.50355315208435,29.5097975730896
111,29.101131677627563,29.543407678604126,29.505654096603394,29.514192819595337,29.507131814956665,29.542769193649292,29.513378620147705,29.511598110198975,29.493691444396973,29.540486574172974,29.50291085243225,29.51116371154785,29.505789041519165,29.54082441329956,29.51260256767273,29.51046085357666,29.507575035095215,29.540566205978394,29.50355315208435,29.5097975730896
112,29.101131677627563,29.543407678604126,29.505654096603394,29.514192819595337,29.507131814956665,29.542769193649292,29.513378620147705,29.511598110198975,29.493691444396973,29.540486574172974,29.50291085243225,29.51116371154785,29.505789041519165,29.54082441329956,29.51260256767273,29.51046085357666,29.507575035095215,29.540566205978394,29.50355315208435,29.5097975730896
113,29.101131677627563,29.543407678604126,29.505654096603394,29.514192819595337,29.507131814956665,29.542769193649292,29.513378620147705,29.511598110198975,29.493691444396973,29.540486574172974,29.50291085243225,29.51116371154785,29.505789041519165,29.54082441329956,29.51260256767273,29.51046085357666,29.507575035095215,29.540566205978394,29.50355315208435,29.5097975730896
114,29.101131677627563,29.543407678604126,29.505654096603394,29.514192819595337,29.507131814956665,29.542769193649292,29.513378620147705,29.511598110198975,29.493691444396973,29.540486574172974,29.50291085243225,29.51116371154785,29.505789041519165,29.54082441329956,29.51260256767273,29.51046085357666,29.507575035095215,29.540566205978394,29.50355315208435,29.5097975730896
115,29.101131677627563,29.543407678604126,29.505654096603394,29.514192819595337,29.507131814956665,29.542769193649292,29.513378620147705,29.511598110198975,29.493691444396973,29.540486574172974,29.50291085243225,29.51116371154785,29.505789041519165,29.54082441329956,29.51260256767273,29.51046085357666,29.507575035095215,29.540566205978394,29.50355315208435,29.5097975730896
116,29.101131677627563,29.543407678604126,29.505654096603394,29.514192819595337,29.507131814956665,29.542769193649292,29.513378620147705,29.511598110198975,29.493691444396973,29.540486574172974,29.50291085243225,29.51116371154785,29.505789041519165,29.54082441329956,29.51260256767273,29.51046085357666,29.507575035095215,29.540566205978394,29.50355315208435,29.5097975730896
117,29.101131677627563,29.543407678604126,29.505654096603394,29.514192819595337,29.507131814956665,29.542769193649292,29.513378620147705,29.511598110198975,29.493691444396973,29.540486574172974,29.50291085243225,29.51116371154785,29.505789041519165,29.54082441329956,29.51260256767273,29.51046085357666,29.507575035095215,29.540566205978394,29.50355315208435,29.5097975730896
118,29.101131677627563,29.543407678604126,29.505654096603394,29.514192819595337,29.507131814956665,29.542769193649292,29.513378620147705,29.511598110198975,29.493691444396973,29.540486574172974,29.50291085243225,29.51116371154785,29.505789041519165,29.54082441329956,29.51260256767273,29.51046085357666,29.507575035095215,29.540566205978394,29.50355315208435,29.5097975730896
119,29.101131677627563,29.543407678604126,29.505654096603394,29.514192819595337,29.507131814956665,29.542769193649292,29.513378620147705,29.511598110198975,29.493691444396973,29.540486574172974,29.50291085243225,29.51116371154785,29.505789041519165,29.54082441329956,29.51260256767273,29.51046085357666,29.507575035095215,29.540566205978394,29.50355315208435,29.5097975730896
120,78.6548924446106,80.12125015258789,80.02443742752075,80.07888102531433,80.02638220787048,80.11854290962219,80.05968880653381,80.10519456863403,80.05444073677063,80.1211531162262,80.04846835136414,80.12008285522461,79.9850218296051,80.11372303962708,80.04614067077637,80.12201523780823,79.9891152381897,80.14287757873535,80.07514429092407,80.07844281196594
121,78.6548924446106,80.12125015258789,80.02443742752075,80.07888102531433,80.02638220787048,80.11854290962219,80.05968880653381,80.10519456863403,80.05444073677063,80.1211531162262,80.04846835136414,80.12008285522461,79.9850218296051,80.11372303962708,80.04614067077637,80.12201523780823,79.9891152381897,80.14287757873535,80.07514429092407,80.07844281196594
122,78.6548924446106,80.12125015258789,80.02443742752075,80.07888102531433,80.02638220787048,80.11854290962219,80.05968880653381,80.10519456863403,80.05444073677063,80.1211531162262,80.04846835136414,80.12008285522461,79.9850218296051,80.11372303962708,80.04614067077637,80.12201523780823,79.9891152381897,80.14287757873535,80.07514429092407,80.07844281196594
123,78.6548924446106,80.12125015258789,80.02443742752075,80.07888102531433,80.02638220787048,80.11854290962219,80.05968880653381,80.10519456863403,80.05444073677063,80.1211531162262,80.04846835136414,80.12008285522461,79.9850218296051,80.11372303962708,80.04614067077637,80.12201523780823,79.9891152381897,80.14287757873535,80.07514429092407,80.07844281196594
124,78.6548924446106,80.12125015258789,80.02443742752075,80.07888102531433,80.02638220787048,80.11854290962219,80.05968880653381,80.10519456863403,80.05444073677063,80.1211531162262,80.04846835136414,80.12008285522461,79.9850218296051,80.11372303962708,80.04614067077637,80.12201523780823,79.9891152381897,80.14287757873535,80.07514429092407,80.07844281196594
125,78.6548924446106,80.12125015258789,80.02443742752075,80.07888102531433,80.02638220787048,80.11854290962219,80.05968880653381,80.10519456863403,80.05444073677063,80.1211531162262,80.04846835136414,80.12008285522461,79.9850218296051,80.11372303962708,80.04614067077637,80.12201523780823,79.9891152381897,80.14287757873535,80.07514429092407,80.07844281196594
126,78.6548924446106,80.12125015258789,80.02443742752075,80.07888102531433,80.02638220787048,80.11854290962219,80.05968880653381,80.10519456863403,80.05444073677063,80.1211531162262,80.04846835136414,80.12008285522461,79.9850218296051,80.11372303962708,80.04614067077637,80.12201523780823,79.9891152381897,80.14287757873535,80.07514429092407,80.07844281196594
127,78.6548924446106,80.12125015258789,80.02443742752075,80.07888102531433,80.02638220787048,80.11854290962219,80.05968880653381,80.10519456863403,80.05444073677063,80.1211531162262,80.04846835136414,80.12008285522461,79.9850218296051,80.11372303962708,80.04614067077637,80.12201523780823,79.9891152381897,80.14287757873535,80.07514429092407,80.07844281196594
128,78.6548924446106,80.12125015258789,80.02443742752075,80.07888102531433,80.02638220787048,80.11854290962219,80.05968880653381,80.10519456863403,80.05444073677063,80.1211531162262,80.04846835136414,80.12008285522461,79.9850218296051,80.11372303962708,80.04614067077637,80.12201523780823,79.9891152381897,80.14287757873535,80.07514429092407,80.07844281196594
129,78.6548924446106,80.12125015258789,80.02443742752075,80.07888102531433,80.02638220787048,80.11854290962219,80.05968880653381,80.10519456863403,80.05444073677063,80.1211531162262,80.04846835136414,80.12008285522461,79.9850218296051,80.11372303962708,80.04614067077637,80.12201523780823,79.9891152381897,80.14287757873535,80.07514429092407,80.07844281196594
130,78.6548924446106,80.12125015258789,80.02443742752075,80.07888102531433,80.02638220787048,80.11854290962219,80.05968880653381,80.10519456863403,80.05444073677063,80.1211531162262,80.04846835136414,80.12008285522461,79.9850218296051,80.11372303962708,80.04614067077637,80.12201523780823,79.9891152381897,80.14287757873535,80.07514429092407,80.07844281196594
131,78.6548924446106,80.12125015258789,80.02443742752075,80.07888102531433,80.02638220787048,80.11854290962219,80.05968880653381,80.10519456863403,80.05444073677063,80.1211531162262,80.04846835136414,80.12008285522461,79.9850218296051,80.11372303962708,80.04614067077637,80.12201523780823,79.9891152381897,80.14287757873535,80.07514429092407,80.07844281196594
132,78.6548924446106,80.12125015258789,80.02443742752075,80.07888102531433,80.02638220787048,80.11854290962219,80.05968880653381,80.10519456863403,80.05444073677063,80.1211531162262,80.04846835136414,80.12008285522461,79.9850218296051,80.11372303962708,80.04614067077637,80.12201523780823,79.9891152381897,80.14287757873535,80.07514429092407,80.07844281196594
133,78.6548924446106,80.12125015258789,80.02443742752075,80.07888102531433,80.02638220787048,80.11854290962219,80.05968880653381,80.10519456863403,80.05444073677063,80.1211531162262,80.04846835136414,80.12008285522461,79.9850218296051,80.11372303962708,80.04614067077637,80.12201523780823,79.9891152381897,80.14287757873535,80.07514429092407,80.07844281196594
134,78.6548924446106,80.12125015258789,80.02443742752075,80.07888102531433,80.02638220787048,80.11854290962219,80.05968880653381,80.10519456863403,80.05444073677063,80.1211531162262,80.04846835136414,80.12008285522461,79.9850218296051,80.11372303962708,80.04614067077637,80.12201523780823,79.9891152381897,80.14287757873535,80.07514429092407,80.07844281196594
135,78.6548924446106,80.12125015258789,80.02443742752075,80.07888102531433,80.02638220787048,80.11854290962219,80.05968880653381,80.10519456863403,80.05444073677063,80.1211531162262,80.04846835136414,80.12008285522461,79.9850218296051,80.11372303962708,80.04614067077637,80.12201523780823,79.9891152381897,80.14287757873535,80.07514429092407,80.07844281196594
136,78.6548924446106,80.12125015258789,80.02443742752075,80.07888102531433,80.02638220787048,80.11854290962219,80.05968880653381,80.10519456863403,80.05444073677063,80.1211531162262,80.04846835136414,80.12008285522461,79.9850218296051,80.11372303962708,80.04614067077637,80.12201523780823,79.9891152381897,80.14287757873535,80.07514429092407,80.07844281196594
137,78.6548924446106,80.12125015258789,80.02443742752075,80.07888102531433,80.02638220787048,80.11854290962219,80.05968880653381,80.10519456863403,80.05444073677063,80.1211531162262,80.04846835136414,80.12008285522461,79.9850218296051,80.11372303962708,80.04614067077637,80.12201523780823,79.9891152381897,80.14287757873535,80.07514429092407,80.07844281196594
138,78.6548924446106,80.12125015258789,80.02443742752075,80.07888102531433,80.02638220787048,80.11854290962219,80.05968880653381,80.10519456863403,80.05444073677063,80.1211531162262,80.04846835136414,80.12008285522461,79.9850218296051,80.11372303962708,80.04614067077637,80.12201523780823,79.9891152381897,80.14287757873535,80.07514429092407,80.07844281196594
139,78.6548924446106,80.12125015258789,80.02443742752075,80.07888102531433,80.02638220787048,80.11854290962219,80.05968880653381,80.10519456863403,80.05444073677063,80.1211531162262,80.04846835136414,80.12008285522461,79.9850218296051,80.11372303962708,80.04614067077637,80.12201523780823,79.9891152381897,80.14287757873535,80.07514429092407,80.07844281196594
140,216.52744603157043,212.29009747505188,210.86110424995422,211.06248545646667,210.88948965072632,211.08002471923828,210.80648970603943,211.13236379623413,210.87271285057068,211.10813212394714,210.81719756126404,211.09215188026428,210.8976697921753,211.09116959571838,210.81771159172058,211.09482145309448,210.88506603240967,211.0966031551361,210.81073212623596,211.10922622680664
141,216.52744603157043,212.29009747505188,210.86110424995422,211.06248545646667,210.88948965072632,211.08002471923828,210.80648970603943,211.13236379623413,210.87271285057068,211.10813212394714,210.81719756126404,211.09215188026428,210.8976697921753,211.09116959571838,210.81771159172058,211.09482145309448,210.88506603240967,211.0966031551361,210.81073212623596,211.10922622680664
142,216.52744603157043,212.29009747505188,210.86110424995422,211.06248545646667,210.88948965072632,211.08002471923828,210.80648970603943,211.13236379623413,210.87271285057068,211.10813212394714,210.81719756126404,211.09215188026428,210.8976697921753,211.09116959571838,210.81771159172058,211.09482145309448,210.88506603240967,211.0966031551361,210.81073212623596,211.10922622680664
143,216.52744603157043,212.29009747505188,210.86110424995422,211.06248545646667,210.88948965072632,211.08002471923828,210.80648970603943,211.13236379623413,210.87271285057068,211.10813212394714,210.81719756126404,211.09215188026428,210.8976697921753,211.09116959571838,210.81771159172058,211.09482145309448,210.88506603240967,211.0966031551361,210.81073212623596,211.10922622680664
144,216.52744603157043,212.29009747505188,210.86110424995422,211.06248545646667,210.88948965072632,211.08002471923828,210.80648970603943,211.13236379623413,210.87271285057068,211.10813212394714,210.81719756126404,211.09215188026428,210.8976697921753,211.09116959571838,210.81771159172058,211.09482145309448,210.88506603240967,211.0966031551361,210.81073212623596,211.10922622680664
145,216.52744603157043,212.29009747505188,210.86110424995422,211.06248545646667,210.88948965072632,211.08002471923828,210.80648970603943,211.13236379623413,210.87271285057068,211.10813212394714,210.81719756126404,211.09215188026428,210.8976697921753,211.09116959571838,210.81771159172058,211.09482145309448,210.88506603240967,211.0966031551361,210.81073212623596,211.10922622680664
146,216.52744603157043,212.29009747505188,210.86110424995422,211.06248545646667,210.88948965072632,211.08002471923828,210.80648970603943,211.13236379623413,210.87271285057068,211.10813212394714,210.81719756126404,211.09215188026428,210.8976697921753,211.09116959571838,210.81771159172058,211.09482145309448,210.88506603240967,211.0966031551361,210.81073212623596,211.10922622680664
147,216.52744603157043,212.29009747505188,210.86110424995422,211.06248545646667,210.88948965072632,211.08002471923828,210.80648970603943,211.13236379623413,210.87271285057068,211.10813212394714,210.81719756126404,211.09215188026428,210.8976697921753,211.09116959571838,210.81771159172058,211.09482145309448,210.88506603240967,211.0966031551361,210.81073212623596,211.10922622680664
148,216.52744603157043,212.29009747505188,210.86110424995422,211.06248545646667,210.88948965072632,211.08002471923828,210.80648970603943,211.13236379623413,210.87271285057068,211.10813212394714,210.81719756126404,211.09215188026428,210.8976697921753,211.09116959571838,210.81771159172058,211.09482145309448,210.88506603240967,211.0966031551361,210.81073212623596,211.10922622680664
149,216.52744603157043,212.29009747505188,210.86110424995422,211.06248545646667,210.88948965072632,211.08002471923828,210.80648970603943,211.13236379623413,210.87271285057068,211.10813212394714,210.81719756126404,211.09215188026428,210.8976697921753,211.09116959571838,210.81771159172058,211.09482145309448,210.88506603240967,211.0966031551361,210.81073212623596,211.10922622680664
150,216.52744603157043,212.29009747505188,210.86110424995422,211.06248545646667,210.88948965072632,211.08002471923828,210.80648970603943,211.13236379623413,210.87271285057068,211.10813212394714,210.81719756126404,211.09215188026428,210.8976697921753,211.09116959571838,210.81771159172058,211.09482145309448,210.88506603240967,211.0966031551361,210.81073212623596,211.10922622680664
151,216.52744603157043,212.29009747505188,210.86110424995422,211.06248545646667,210.88948965072632,211.08002471923828,210.80648970603943,211.13236379623413,210.87271285057068,211.10813212394714,210.81719756126404,211.09215188026428,210.8976697921753,211.09116959571838,210.81771159172058,211.09482145309448,210.88506603240967,211.0966031551361,210.81073212623596,211.10922622680664
152,216.52744603157043,212.29009747505188,210.86110424995422,211.06248545646667,210.88948965072632,211.08002471923828,210.80648970603943,211.13236379623413,210.87271285057068,211.10813212394714,210.81719756126404,211.09215188026428,210.8976697921753,211.09116959571838,210.81771159172058,211.09482145309448,210.88506603240967,211.0966031551361,210.81073212623596,211.10922622680664
153,216.52744603157043,212.29009747505188,210.86110424995422,211.06248545646667,210.88948965072632,211.08002471923828,210.80648970603943,211.13236379623413,210.87271285057068,211.10813212394714,210.81719756126404,211.09215188026428,210.8976697921753,211.09116959571838,210.81771159172058,211.09482145309448,210.88506603240967,211.0966031551361,210.81073212623596,211.10922622680664
154,216.52744603157043,212.29009747505188,210.86110424995422,211.06248545646667,210.88948965072632,211.08002471923828,210.80648970603943,211.13236379623413,210.87271285057068,211.10813212394714,210.81719756126404,211.09215188026428,210.8976697921753,211.09116959571838,210.81771159172058,211.09482145309448,210.88506603240967,211.0966031551361,210.81073212623596,211.10922622680664
155,216.52744603157043,212.29009747505188,210.86110424995422,211.06248545646667,210.88948965072632,211.08002471923828,210.80648970603943,211.13236379623413,210.87271285057068,211.10813212394714,210.81719756126404,211.09215188026428,210.8976697921753,211.09116959571838,210.81771159172058,211.09482145309448,210.88506603240967,211.0966031551361,210.81073212623596,211.10922622680664
156,216.52744603157043,212.29009747505188,210.86110424995422,211.06248545646667,210.88948965072632,211.08002471923828,210.80648970603943,211.13236379623413,210.87271285057068,211.10813212394714,210.81719756126404,211.09215188026428,210.8976697921753,211.09116959571838,210.81771159172058,211.09482145309448,210.88506603240967,211.0966031551361,210.81073212623596,211.10922622680664
157,216.52744603157043,212.29009747505188,210.86110424995422,211.06248545646667,210.88948965072632,211.08002471923828,210.80648970603943,211.13236379623413,210.87271285057068,211.10813212394714,210.81719756126404,211.09215188026428,210.8976697921753,211.09116959571838,210.81771159172058,211.09482145309448,210.88506603240967,211.0966031551361,210.81073212623596,211.10922622680664
158,216.52744603157043,212.29009747505188,210.86110424995422,211.06248545646667,210.88948965072632,211.08002471923828,210.80648970603943,211.13236379623413,210.87271285057068,211.10813212394714,210.81719756126404,211.09215188026428,210.8976697921753,211.09116959571838,210.81771159172058,211.09482145309448,210.88506603240967,211.0966031551361,210.81073212623596,211.10922622680664
159,216.52744603157043,212.29009747505188,210.86110424995422,211.06248545646667,210.88948965072632,211.08002471923828,210.80648970603943,211.13236379623413,210.87271285057068,211.10813212394714,210.81719756126404,211.09215188026428,210.8976697921753,211.09116959571838,210.81771159172058,211.09482145309448,210.88506603240967,211.0966031551361,210.81073212623596,211.10922622680664
